
create table MOVIE_BASIC_INFO
(
	MOVIE_ID VARCHAR2(36) not null
		primary key,
	MOVIE_NAME VARCHAR2(50) not null,
	MOVIE_ENGLISH_NAME VARCHAR2(200),
	MOVIE_COUNTRY VARCHAR2(20),
	MOVIE_DB_SCORE VARCHAR2(4),
	MOVIE_CONTENT CLOB,
	MOVIE_SHOW_TIME VARCHAR2(20),
	CRT_DATE DATE default SYSDATE,
	ALT_DATE DATE default SYSDATE
);
create table MOVIE_PICTURE_INFO
(
  MOVIE_PICTURE_ID   VARCHAR2(36) not null
    primary key,
  MOVIE_ID           VARCHAR2(36),
  MOVIE_PICTURE_DATA CLOB
);
create table MOVIE_REL_INFO
(
	MOVIE_REL_ID VARCHAR2(36) not null
		primary key,
	MOVIE_ID VARCHAR2(36),
	MOVIE_REL_NAME VARCHAR2(50)
);
create table MOVIE_TYPE
(
	TYPE_CODE VARCHAR2(2) not null
		primary key,
	TYPE_NAME VARCHAR2(10) not null
);
create table MOVIE_TYPE_INFO
(
	MOVIE_TYPE_ID VARCHAR2(36) not null
		primary key,
	MOVIE_ID VARCHAR2(36),
	MOVIE_CODE VARCHAR2(2)
);
create table MOVIE_USER_INFO
(
	USER_ID VARCHAR2(36) not null,
	MOVIE_ID VARCHAR2(36) not null,
	MOVIE_IS_WATCH VARCHAR2(6),
	MOVIE_WATCH_TIME VARCHAR2(20),
	constraint PK_MOVIE_USER_INFO
		primary key (USER_ID, MOVIE_ID)
);
INSERT INTO MOVIE_BASIC_INFO (MOVIE_ID, MOVIE_NAME, MOVIE_ENGLISH_NAME, MOVIE_COUNTRY, MOVIE_DB_SCORE, MOVIE_CONTENT, MOVIE_SHOW_TIME, CRT_DATE, ALT_DATE) VALUES ('c5f043e7-17e1-4519-b152-e5ca4a037b35', '色即是空', 'Sex Is Zero', '韩国', '7.2', '　　服完兵役的高龄大学生恩植（任昌丁饰）就读于法律系，校园里满是对性充满好奇的年轻男女。可惜外表憨直的他没有什么女人缘，脑筋也是不大好使。一次偶然机会，恩植认识了学校健身俱乐部的头牌队员、校花级美女银孝（河智苑饰），他立马被对方的美貌性感吸引。恩植想尽办法接进银孝，博取好感，却都以失败告终，甚至引发许多误会，比如在公车上，他被银孝当成色狼一脚踢中要害。
　　后来，银孝迷住了有钱的花花公子相旭（郑敏饰），甚至怀了孕，但最终被抛弃，伤心绝望。与此同时，恩植和银孝之间产关系有了微妙变化。', '2002-12-13', TO_DATE('2019-07-14 19:06:19', 'YYYY-MM-DD HH24:MI:SS'), TO_DATE('2019-07-14 19:06:19', 'YYYY-MM-DD HH24:MI:SS'));
INSERT INTO MOVIE_BASIC_INFO (MOVIE_ID, MOVIE_NAME, MOVIE_ENGLISH_NAME, MOVIE_COUNTRY, MOVIE_DB_SCORE, MOVIE_CONTENT, MOVIE_SHOW_TIME, CRT_DATE, ALT_DATE) VALUES ('c4a99f26-ec8e-4e8a-8871-10407023f0f9', '头号玩家', 'Ready Player One', '美国', '8.7', '故事发生在2045年，虚拟现实技术已经渗透到了人类生活的每一个角落。詹姆斯哈利迪（马克·里朗斯 Mark Rylance 饰）一手建造了名为“绿洲”的虚拟现实游戏世界，临终前，他宣布自己在游戏中设置了一个彩蛋，找到这枚彩蛋的人即可成为绿洲的继承人。要找到这枚彩蛋，必须先获得三把钥匙，而寻找钥匙的线索就隐藏在詹姆斯的过往之中。
　　韦德（泰尔·谢里丹 Tye Sheridan 饰）、艾奇（丽娜·维特 Lena Waithe 饰）、大东（森崎温 饰）和修（赵家正 饰）是游戏中的好友，和之后遇见的阿尔忒弥斯（奥利维亚·库克 Olivia Cooke 饰）一起，五人踏上了寻找彩蛋的征程。他们所要对抗的，是名为诺兰索伦托（本·门德尔森 Ben Mendelsohn 饰）的大资本家。', '2018-03-30', TO_DATE('2019-07-14 19:06:19', 'YYYY-MM-DD HH24:MI:SS'), TO_DATE('2019-07-14 19:06:19', 'YYYY-MM-DD HH24:MI:SS'));
INSERT INTO MOVIE_BASIC_INFO (MOVIE_ID, MOVIE_NAME, MOVIE_ENGLISH_NAME, MOVIE_COUNTRY, MOVIE_DB_SCORE, MOVIE_CONTENT, MOVIE_SHOW_TIME, CRT_DATE, ALT_DATE) VALUES ('281c43e3-6c33-48fb-a3d4-afeda32afdfe', '星际穿越', 'Interstellar', '美国', '9.2', '　　近未来的地球黄沙遍野，小麦、秋葵等基础农作物相继因枯萎病灭绝，人类不再像从前那样仰望星空，放纵想象力和灵感的迸发，而是每日在沙尘暴的肆虐下倒数着所剩不多的光景。在家务农的前NASA宇航员库珀（马修·麦康纳 Matthew McConaughey 饰）接连在女儿墨菲（麦肯吉·弗依 Mackenzie Foy 饰）的书房发现奇怪的重力场现象，随即得知在某个未知区域内前NASA成员仍秘密进行一个拯救人类的计划。多年以前土星附近出现神秘虫洞，NASA借机将数名宇航员派遣到遥远的星系寻找适合居住的星球。在布兰德教授（迈克尔·凯恩 Michael Caine 饰）的劝说下，库珀忍痛告别了女儿，和其他三名专家教授女儿艾米莉亚·布兰德（安妮·海瑟薇 Anne Hathaway 饰）、罗米利（大卫·吉雅西 David Gyasi 饰）、多伊尔（韦斯·本特利 Wes Bentley 饰）搭乘宇宙飞船前往目前已知的最有希望的三颗星球考察。
　　他们穿越遥远的星系银河，感受了一小时七年光阴的沧海桑田，窥见了未知星球和黑洞的壮伟与神秘。在浩瀚宇宙的绝望而孤独角落，总有一份超越了时空的笃定情怀将他们紧紧相连……', '2014-11-12', TO_DATE('2019-07-14 19:06:19', 'YYYY-MM-DD HH24:MI:SS'), TO_DATE('2019-07-14 19:06:19', 'YYYY-MM-DD HH24:MI:SS'));
INSERT INTO MOVIE_BASIC_INFO (MOVIE_ID, MOVIE_NAME, MOVIE_ENGLISH_NAME, MOVIE_COUNTRY, MOVIE_DB_SCORE, MOVIE_CONTENT, MOVIE_SHOW_TIME, CRT_DATE, ALT_DATE) VALUES ('0f9a27d1-a7cb-4797-9d35-446ca3686cc4', '盗梦空间', 'Inception', '美国', '9.3', '　　道姆·柯布（莱昂纳多·迪卡普里奥 Leonardo DiCaprio 饰）与同事阿瑟（约瑟夫·戈登-莱维特 Joseph Gordon-Levitt 饰）和纳什（卢卡斯·哈斯 Lukas Haas 饰）在一次针对日本能源大亨齐藤（渡边谦 饰）的盗梦行动中失败，反被齐藤利用。齐藤威逼利诱因遭通缉而流亡海外的柯布帮他拆分他竞争对手的公司，采取极端措施在其唯一继承人罗伯特·费希尔（希里安·墨菲 Cillian Murphy 饰）的深层潜意识中种下放弃家族公司、自立门户的想法。为了重返美国，柯布偷偷求助于岳父迈尔斯（迈克尔·凯恩 Michael Caine 饰），吸收了年轻的梦境设计师艾里阿德妮（艾伦·佩吉 Ellen Page 饰）、梦境演员艾姆斯（汤姆·哈迪 Tom Hardy 饰）和药剂师约瑟夫（迪利普·劳 Dileep Rao 饰）加入行动。在一层层递进的梦境中，柯布不仅要对付费希尔潜意识的本能反抗，还必须直面已逝妻子梅尔（玛丽昂·歌迪亚 Marion Cotillard 饰）的处处破坏，实际情况远比预想危险得多…… ', '2019-05-07', TO_DATE('2019-07-14 19:06:19', 'YYYY-MM-DD HH24:MI:SS'), TO_DATE('2019-07-14 19:06:19', 'YYYY-MM-DD HH24:MI:SS'));
INSERT INTO MOVIE_BASIC_INFO (MOVIE_ID, MOVIE_NAME, MOVIE_ENGLISH_NAME, MOVIE_COUNTRY, MOVIE_DB_SCORE, MOVIE_CONTENT, MOVIE_SHOW_TIME, CRT_DATE, ALT_DATE) VALUES ('ddc948a3-7231-4dda-b7b4-64f50a2f9bd6', '泰坦尼克号', 'Titanic', '美国', '9.4', '1912年4月10日，号称 “世界工业史上的奇迹”的豪华客轮泰坦尼克号开始了自己的处女航，从英国的南安普顿出发驶往美国纽约。富家少女罗丝（凯特？温丝莱特）与母亲及未婚夫卡尔坐上了头等舱；另一边，放荡不羁的少年画家杰克（莱昂纳多·迪卡普里奥）也在码头的一场赌博中赢得了下等舱的船票。
　　罗丝厌倦了上流社会虚伪的生活，不愿嫁给卡尔，打算投海自尽，被杰克救起。很快，美丽活泼的罗丝与英俊开朗的杰克相爱，杰克带罗丝参加下等舱的舞会、为她画像，二人的感情逐渐升温。
　　1912年4月14日，星期天晚上，一个风平浪静的夜晚。泰坦尼克号撞上了冰山，“永不沉没的”泰坦尼克号面临沉船的命运，罗丝和杰克刚萌芽的爱情也将经历生死的考验。', '1998-04-03', TO_DATE('2019-07-14 19:06:19', 'YYYY-MM-DD HH24:MI:SS'), TO_DATE('2019-07-14 19:06:19', 'YYYY-MM-DD HH24:MI:SS'));
INSERT INTO MOVIE_BASIC_INFO (MOVIE_ID, MOVIE_NAME, MOVIE_ENGLISH_NAME, MOVIE_COUNTRY, MOVIE_DB_SCORE, MOVIE_CONTENT, MOVIE_SHOW_TIME, CRT_DATE, ALT_DATE) VALUES ('bc20b836-3adc-4e05-a700-d3a3e7d783b2', '大话西游之月光宝盒', 'A Chinese Odyssey Part One - Pandora''s Box', '中国香港', '9', '至尊宝（周星驰 饰）被月光宝盒带回到五百年前，遇见紫霞仙子（朱茵 饰），被对方打上烙印成为对方的人，并发觉自己已变成孙悟空。 ', '1995-01-21', TO_DATE('2019-07-14 20:09:13', 'YYYY-MM-DD HH24:MI:SS'), TO_DATE('2019-07-14 20:09:13', 'YYYY-MM-DD HH24:MI:SS'));
INSERT INTO MOVIE_BASIC_INFO (MOVIE_ID, MOVIE_NAME, MOVIE_ENGLISH_NAME, MOVIE_COUNTRY, MOVIE_DB_SCORE, MOVIE_CONTENT, MOVIE_SHOW_TIME, CRT_DATE, ALT_DATE) VALUES ('8eba60ba-8d2a-425a-9069-29310c986f40', '龙猫', 'Tonari no Totoro', '日本', '9.2', '小月的母亲生病住院了，父亲带着她与四岁的妹妹小梅到乡间的居住。她们对那里的环境都感到十分新奇，也发现了很多有趣的事情。她们遇到了很多小精灵，她们来到属于她们的环境中，看到了她们世界中很多的奇怪事物，更与一只大大胖胖的龙猫成为了朋友。龙猫与小精灵们利用他们的神奇力量，为小月与妹妹带来了很多神奇的景观，令她们大开眼界。 ', '1988-04-16', TO_DATE('2019-07-14 20:13:03', 'YYYY-MM-DD HH24:MI:SS'), TO_DATE('2019-07-14 20:13:03', 'YYYY-MM-DD HH24:MI:SS'));
INSERT INTO MOVIE_BASIC_INFO (MOVIE_ID, MOVIE_NAME, MOVIE_ENGLISH_NAME, MOVIE_COUNTRY, MOVIE_DB_SCORE, MOVIE_CONTENT, MOVIE_SHOW_TIME, CRT_DATE, ALT_DATE) VALUES ('3aef4890-30e4-471d-b90b-c3e8dad7deb5', '千与千寻', 'qianyuqianxun', '日本', '9.3', '日本影史票房排名第一', '2019-06-08', TO_DATE('2019-07-14 19:06:19', 'YYYY-MM-DD HH24:MI:SS'), TO_DATE('2019-07-14 19:06:19', 'YYYY-MM-DD HH24:MI:SS'));
INSERT INTO MOVIE_BASIC_INFO (MOVIE_ID, MOVIE_NAME, MOVIE_ENGLISH_NAME, MOVIE_COUNTRY, MOVIE_DB_SCORE, MOVIE_CONTENT, MOVIE_SHOW_TIME, CRT_DATE, ALT_DATE) VALUES ('adba7062-3f3a-4352-81dc-1449e7113ab3', '冰雪奇缘', 'Frozen', '美国', '8.3', '  在四面环海、风景如画的阿伦黛尔王国，生活着两位可爱美丽的小公主，艾莎和安娜。艾莎天生具有制造冰雪的能力，随着年龄的增长，她的能力越来越强，甚至险些夺走妹妹的生命。为此国王紧闭宫门，也中断了两姐妹的联系。悲哀的海难过后，艾莎（伊迪娜·门泽尔 Idina Menzel 配音 ）终于到了加冕的年龄，各国王公齐来祝贺。艾莎战战兢兢，唯恐被人识破隐藏了多年的秘密。然而当听说安娜（克里斯汀·贝尔 Kristen Bell 配音）将要和初次见面的南埃尔斯王子汉斯（圣蒂诺·方塔纳 Santino Fontana 配音）结婚时，依然情绪失控露出了马脚。在此之后她逃到山中，构建了属于自己的冰雪王国，而阿伦黛尔也陷入可怕的寒冷之中。 ', '2013-11-27', TO_DATE('2019-07-14 19:06:19', 'YYYY-MM-DD HH24:MI:SS'), TO_DATE('2019-07-14 19:06:19', 'YYYY-MM-DD HH24:MI:SS'));
INSERT INTO MOVIE_BASIC_INFO (MOVIE_ID, MOVIE_NAME, MOVIE_ENGLISH_NAME, MOVIE_COUNTRY, MOVIE_DB_SCORE, MOVIE_CONTENT, MOVIE_SHOW_TIME, CRT_DATE, ALT_DATE) VALUES ('d09f6708-7be1-4c5c-848d-bc52c7da2fe8', '冰雪奇缘2', 'Frozen II', '美国', '0', '2月14日，迪士尼正式公布了《冰雪奇缘2》的首支预告片，在片中艾莎、安娜、克里斯托夫、雪宝等主角悉数出镜，该片将会于今年11月22日在北美上映。', '2019-11-22', TO_DATE('2019-07-14 19:06:19', 'YYYY-MM-DD HH24:MI:SS'), TO_DATE('2019-07-14 19:06:19', 'YYYY-MM-DD HH24:MI:SS'));
INSERT INTO MOVIE_BASIC_INFO (MOVIE_ID, MOVIE_NAME, MOVIE_ENGLISH_NAME, MOVIE_COUNTRY, MOVIE_DB_SCORE, MOVIE_CONTENT, MOVIE_SHOW_TIME, CRT_DATE, ALT_DATE) VALUES ('5b89d020-6635-4506-bbed-03c31709fc9d', '阿丽塔：战斗天使', 'Alita: Battle Angel', '美国', '7.6', '故事发生在遥远的26世纪，外科医生依德（克里斯托弗·瓦尔兹 Christoph Waltz 饰）在垃圾场里捡到了只剩下头部的机械少女将她带回家中，给她装上了本来为自己已故的女儿所准备的义体，并取名阿丽塔（罗莎·萨拉扎尔 Rosa Salazar 饰）。苏醒后的阿丽塔对这个五彩斑斓但却暴力而又残酷的世界产生了浓厚的兴趣，在结识了青年雨果（基恩·约翰逊 Keean Johnson 饰）后，阿丽塔开始接触名为机动球的运动，并在比赛中展现出了惊人的格斗天赋。', '2019-02-14', TO_DATE('2019-07-14 19:06:19', 'YYYY-MM-DD HH24:MI:SS'), TO_DATE('2019-07-14 19:06:19', 'YYYY-MM-DD HH24:MI:SS'));
INSERT INTO MOVIE_BASIC_INFO (MOVIE_ID, MOVIE_NAME, MOVIE_ENGLISH_NAME, MOVIE_COUNTRY, MOVIE_DB_SCORE, MOVIE_CONTENT, MOVIE_SHOW_TIME, CRT_DATE, ALT_DATE) VALUES ('cdea7514-0bbe-47bd-b31e-979ae2db7840', '我不是药神', 'Dying to Survive', '中国大陆', '9', '　普通中年男子程勇（徐峥 饰）经营着一家保健品店，失意又失婚。不速之客吕受益（王传君 饰）的到来，让他开辟了一条去印度买药做“代购”的新事业，虽然困难重重，但他在这条“买药之路”上发现了商机，一发不可收拾地做起了治疗慢粒白血病的印度仿制药独家代理商。赚钱的同时，他也认识了几个病患及家属，为救女儿被迫做舞女的思慧（谭卓 饰）、说一口流利“神父腔”英语的刘牧师（杨新鸣 饰），以及脾气暴烈的“黄毛”（章宇 饰），几个人合伙做起了生意，利润倍增的同时也危机四伏。程勇昔日的小舅子曹警官（周一围 饰）奉命调查仿制药的源头，假药贩子张长林（王砚辉 饰）和瑞士正牌医药代表（李乃文 饰）也对其虎视眈眈，生意逐渐变成了一场关于救赎的拉锯战。', '2018-07-05', TO_DATE('2019-07-14 19:06:19', 'YYYY-MM-DD HH24:MI:SS'), TO_DATE('2019-07-14 19:06:19', 'YYYY-MM-DD HH24:MI:SS'));
INSERT INTO MOVIE_BASIC_INFO (MOVIE_ID, MOVIE_NAME, MOVIE_ENGLISH_NAME, MOVIE_COUNTRY, MOVIE_DB_SCORE, MOVIE_CONTENT, MOVIE_SHOW_TIME, CRT_DATE, ALT_DATE) VALUES ('bd34311e-bcde-4bad-b7d0-4b8c19d6344a', '活着', 'To Live', '中国大陆', '9.2', '根据余华同名小说改编。
　　富少福贵（葛优）嗜赌成性，妻子家珍（巩俐）屡劝无果后带着女儿凤霞离开了他，当夜，福贵输光所有家产气死父亲，被迫靠变卖母亲首饰租间破屋过活。一年后，家珍手拉凤霞怀抱刚出世的儿子有庆回到家中，福贵痛改前非，开始靠演皮影戏过起安份守己的日子。
　　但好景不常，内战时期，福贵被国民党抓去当劳工，一番辗转终回到家乡与一家人团圆后，凤霞因病变成哑巴，而在后来的大跃进运动和文化大革命中，他虽获某些小福，逆境却也一直与他如影相随。', '1994-06-30', TO_DATE('2019-07-14 19:06:19', 'YYYY-MM-DD HH24:MI:SS'), TO_DATE('2019-07-14 19:06:19', 'YYYY-MM-DD HH24:MI:SS'));
INSERT INTO MOVIE_BASIC_INFO (MOVIE_ID, MOVIE_NAME, MOVIE_ENGLISH_NAME, MOVIE_COUNTRY, MOVIE_DB_SCORE, MOVIE_CONTENT, MOVIE_SHOW_TIME, CRT_DATE, ALT_DATE) VALUES ('0cae0916-0c68-4d50-b165-08cbe2cad675', '熔炉', 'Silenced', '韩国', '9.3', '本片取材于2005年光州一所聋哑障碍人学校的真实事件，改编自韩国作家孔枝泳的同名小说。', '2011-09-22', TO_DATE('2019-07-14 19:06:19', 'YYYY-MM-DD HH24:MI:SS'), TO_DATE('2019-07-14 19:06:19', 'YYYY-MM-DD HH24:MI:SS'));
INSERT INTO MOVIE_BASIC_INFO (MOVIE_ID, MOVIE_NAME, MOVIE_ENGLISH_NAME, MOVIE_COUNTRY, MOVIE_DB_SCORE, MOVIE_CONTENT, MOVIE_SHOW_TIME, CRT_DATE, ALT_DATE) VALUES ('22999d08-b102-475c-9e46-7061b5e3b0da', '恐怖直播', 'The Terror Live', '韩国', '8.7', '韩国首尔某个平凡的早上，广播电台Daily Topic节目的主持人尹英华（河正宇 饰）正就税率改革与听众进行连线，这时一个自称住在首尔昌信洞的普通工人朴鲁圭打入电话，大肆抱怨超高的电费和相关部门对他的威胁。尹英华颇不耐烦，以偏离主题为由强行切断电话。谁知连线无法单方面由电台方面中断，愤怒的朴鲁圭继续抱怨，并扬言炸掉汉江大桥。尹英华不以为然，进而怂恿对方想做就做，谁知话音刚落，窗外的麻浦大桥便炸作废墟。大惊失色的尹英华很快冷静下来，他决定利用这次难得的机会打一次事业的翻身仗。 ', '2013-07-31', TO_DATE('2019-07-14 19:06:19', 'YYYY-MM-DD HH24:MI:SS'), TO_DATE('2019-07-14 19:06:19', 'YYYY-MM-DD HH24:MI:SS'));
INSERT INTO MOVIE_BASIC_INFO (MOVIE_ID, MOVIE_NAME, MOVIE_ENGLISH_NAME, MOVIE_COUNTRY, MOVIE_DB_SCORE, MOVIE_CONTENT, MOVIE_SHOW_TIME, CRT_DATE, ALT_DATE) VALUES ('aca27d78-c281-461e-9c65-f65fcb40a577', '大话西游之大圣娶亲', 'A Chinese Odyssey Part Two - Cinderella', '中国香港', '9.2', '至尊宝（周星驰 饰）被月光宝盒带回到五百年前，遇见紫霞仙子（朱茵 饰），被对方打上烙印成为对方的人，并发觉自己已变成孙悟空。', '1995-02-04', TO_DATE('2019-07-14 19:13:03', 'YYYY-MM-DD HH24:MI:SS'), TO_DATE('2019-07-14 19:13:03', 'YYYY-MM-DD HH24:MI:SS'));
INSERT INTO MOVIE_BASIC_INFO (MOVIE_ID, MOVIE_NAME, MOVIE_ENGLISH_NAME, MOVIE_COUNTRY, MOVIE_DB_SCORE, MOVIE_CONTENT, MOVIE_SHOW_TIME, CRT_DATE, ALT_DATE) VALUES ('f9f9147f-98ed-4393-8ce0-1e22c40abd59', '幽灵公主', 'Princess Mononoke', '日本', '8.9', null, '1997-07-12', TO_DATE('2019-07-14 21:00:35', 'YYYY-MM-DD HH24:MI:SS'), TO_DATE('2019-07-14 21:00:35', 'YYYY-MM-DD HH24:MI:SS'));
INSERT INTO MOVIE_BASIC_INFO (MOVIE_ID, MOVIE_NAME, MOVIE_ENGLISH_NAME, MOVIE_COUNTRY, MOVIE_DB_SCORE, MOVIE_CONTENT, MOVIE_SHOW_TIME, CRT_DATE, ALT_DATE) VALUES ('e14b78b7-138c-413e-80d5-b22f7fa998bd', '蜘蛛侠：英雄远征', 'Spider-Man: Far from Home', '美国', '8', '在复仇者联盟众英雄的努力下，于灭霸无限手套事件中化作为灰烬的人们，重新回到了人世间，曾经消失的蜘蛛侠 彼得帕克 也回归到了普通的生活之中，数月后，蜘蛛侠彼得帕克所在的学校举行了欧洲旅游，帕克也在其中， 在欧州威尼斯旅行时，一个巨大无比的水怪袭击了威尼斯，不敌敌人的蜘蛛侠幸得一位自称神秘客的男子搭救才击退敌人，之后 神盾局局长找上正在旅游的彼得帕克并要求其加入神盾局，并安排神秘客协助帕克，神秘客自称来自其他宇宙，并告知一群名为元素众的邪恶势力已经入侵这个宇宙了，为了守护来之不易的和平，蜘蛛侠决定与神秘客联手，然而在神秘客那头罩之中，似乎隐藏着什么不为人知的真相……', '2019-07-02', TO_DATE('2019-07-14 21:03:15', 'YYYY-MM-DD HH24:MI:SS'), TO_DATE('2019-07-14 21:03:15', 'YYYY-MM-DD HH24:MI:SS'));




INSERT INTO MOVIE_REL_INFO (MOVIE_REL_ID, MOVIE_ID, MOVIE_REL_NAME) VALUES ('4acedbc8-db74-4a03-b4b9-44e1ed7d69b4', 'c5f043e7-17e1-4519-b152-e5ca4a037b35', '河智苑');
INSERT INTO MOVIE_REL_INFO (MOVIE_REL_ID, MOVIE_ID, MOVIE_REL_NAME) VALUES ('ba17ea23-bcdc-45bf-8e29-4595079ca72a', 'c4a99f26-ec8e-4e8a-8871-10407023f0f9', '史蒂文·斯皮尔伯格');
INSERT INTO MOVIE_REL_INFO (MOVIE_REL_ID, MOVIE_ID, MOVIE_REL_NAME) VALUES ('b13cb77f-ead8-4493-aeb4-30bd481e73a4', '281c43e3-6c33-48fb-a3d4-afeda32afdfe', '克里斯托弗·诺兰');
INSERT INTO MOVIE_REL_INFO (MOVIE_REL_ID, MOVIE_ID, MOVIE_REL_NAME) VALUES ('b011edde-550b-4df8-9b87-75cd445b62a4', '281c43e3-6c33-48fb-a3d4-afeda32afdfe', '安妮·海瑟薇');
INSERT INTO MOVIE_REL_INFO (MOVIE_REL_ID, MOVIE_ID, MOVIE_REL_NAME) VALUES ('e9bcd228-11d4-438b-92e3-8dfbb20aa191', '0f9a27d1-a7cb-4797-9d35-446ca3686cc4', '克里斯托弗·诺兰');
INSERT INTO MOVIE_REL_INFO (MOVIE_REL_ID, MOVIE_ID, MOVIE_REL_NAME) VALUES ('458beab7-38ef-42cd-adda-db10c5ff9efa', '0f9a27d1-a7cb-4797-9d35-446ca3686cc4', '莱昂纳多·迪卡普里奥');
INSERT INTO MOVIE_REL_INFO (MOVIE_REL_ID, MOVIE_ID, MOVIE_REL_NAME) VALUES ('4b7f2783-8f91-467b-876b-ac57dff36847', 'ddc948a3-7231-4dda-b7b4-64f50a2f9bd6', '莱昂纳多·迪卡普里奥');
INSERT INTO MOVIE_REL_INFO (MOVIE_REL_ID, MOVIE_ID, MOVIE_REL_NAME) VALUES ('b47f7b4a-1117-46e2-b0a8-14e07e459b21', 'ddc948a3-7231-4dda-b7b4-64f50a2f9bd6', ':詹姆斯·卡梅隆');
INSERT INTO MOVIE_REL_INFO (MOVIE_REL_ID, MOVIE_ID, MOVIE_REL_NAME) VALUES ('28f5b8a2-c452-4d73-bfc2-4938c2dca73d', 'ddc948a3-7231-4dda-b7b4-64f50a2f9bd6', '凯特·温丝莱特');
INSERT INTO MOVIE_REL_INFO (MOVIE_REL_ID, MOVIE_ID, MOVIE_REL_NAME) VALUES ('ac2a8b78-00e8-4cd9-b513-34474632c3c7', 'bc20b836-3adc-4e05-a700-d3a3e7d783b2', '周星驰');
INSERT INTO MOVIE_REL_INFO (MOVIE_REL_ID, MOVIE_ID, MOVIE_REL_NAME) VALUES ('1036b88d-94c1-4920-9ab0-200c1d0b0204', 'bc20b836-3adc-4e05-a700-d3a3e7d783b2', '吴孟达');
INSERT INTO MOVIE_REL_INFO (MOVIE_REL_ID, MOVIE_ID, MOVIE_REL_NAME) VALUES ('6ca2df63-9997-4bc7-aa90-32dcefcb3b85', 'bc20b836-3adc-4e05-a700-d3a3e7d783b2', '刘镇伟');
INSERT INTO MOVIE_REL_INFO (MOVIE_REL_ID, MOVIE_ID, MOVIE_REL_NAME) VALUES ('bcc1bfd8-bb0f-430e-a059-714976c4c227', 'bc20b836-3adc-4e05-a700-d3a3e7d783b2', '蓝洁瑛');
INSERT INTO MOVIE_REL_INFO (MOVIE_REL_ID, MOVIE_ID, MOVIE_REL_NAME) VALUES ('f688f50b-d743-414b-8457-5216a1d9e78b', '8eba60ba-8d2a-425a-9069-29310c986f40', '宫崎骏');
INSERT INTO MOVIE_REL_INFO (MOVIE_REL_ID, MOVIE_ID, MOVIE_REL_NAME) VALUES ('07c28a29-5c74-44b0-84fc-3cf9d475cef4', '8eba60ba-8d2a-425a-9069-29310c986f40', '久石让');
INSERT INTO MOVIE_REL_INFO (MOVIE_REL_ID, MOVIE_ID, MOVIE_REL_NAME) VALUES ('59ca4a84-a7aa-4572-bc3a-730da40a7ef2', '3aef4890-30e4-471d-b90b-c3e8dad7deb5', '宫崎骏');
INSERT INTO MOVIE_REL_INFO (MOVIE_REL_ID, MOVIE_ID, MOVIE_REL_NAME) VALUES ('511f5007-8eab-41b6-94b3-a026d9792038', '3aef4890-30e4-471d-b90b-c3e8dad7deb5', '千寻');
INSERT INTO MOVIE_REL_INFO (MOVIE_REL_ID, MOVIE_ID, MOVIE_REL_NAME) VALUES ('ff47f802-5573-42a7-ae24-44fc30eb4483', '3aef4890-30e4-471d-b90b-c3e8dad7deb5', '无面男');
INSERT INTO MOVIE_REL_INFO (MOVIE_REL_ID, MOVIE_ID, MOVIE_REL_NAME) VALUES ('31cee8b6-ac14-4b85-b720-9dd55c57e35c', 'adba7062-3f3a-4352-81dc-1449e7113ab3', '艾莎');
INSERT INTO MOVIE_REL_INFO (MOVIE_REL_ID, MOVIE_ID, MOVIE_REL_NAME) VALUES ('2042ee91-6894-497f-95e3-88c6de0d9c4f', 'adba7062-3f3a-4352-81dc-1449e7113ab3', '安娜');
INSERT INTO MOVIE_REL_INFO (MOVIE_REL_ID, MOVIE_ID, MOVIE_REL_NAME) VALUES ('f4f6f289-72c2-46be-9178-b3e71b84f9a0', 'd09f6708-7be1-4c5c-848d-bc52c7da2fe8', '艾莎');
INSERT INTO MOVIE_REL_INFO (MOVIE_REL_ID, MOVIE_ID, MOVIE_REL_NAME) VALUES ('628a3b28-f852-414a-91e8-8dc7388c7860', 'd09f6708-7be1-4c5c-848d-bc52c7da2fe8', '安娜');
INSERT INTO MOVIE_REL_INFO (MOVIE_REL_ID, MOVIE_ID, MOVIE_REL_NAME) VALUES ('ee60d089-1d14-4a51-ad37-41d9cec0794e', 'd09f6708-7be1-4c5c-848d-bc52c7da2fe8', '雪宝');
INSERT INTO MOVIE_REL_INFO (MOVIE_REL_ID, MOVIE_ID, MOVIE_REL_NAME) VALUES ('da6273aa-de6f-48d6-8385-14ca7e5abaac', '5b89d020-6635-4506-bbed-03c31709fc9d', '阿丽塔');
INSERT INTO MOVIE_REL_INFO (MOVIE_REL_ID, MOVIE_ID, MOVIE_REL_NAME) VALUES ('81330602-3e48-4f57-8eea-3b69e53d74c0', '5b89d020-6635-4506-bbed-03c31709fc9d', '詹姆斯·卡梅隆');
INSERT INTO MOVIE_REL_INFO (MOVIE_REL_ID, MOVIE_ID, MOVIE_REL_NAME) VALUES ('5e727e8a-452f-41e2-b1b6-b9464063d825', 'cdea7514-0bbe-47bd-b31e-979ae2db7840', '徐峥');
INSERT INTO MOVIE_REL_INFO (MOVIE_REL_ID, MOVIE_ID, MOVIE_REL_NAME) VALUES ('24d24812-b31f-4d34-8391-6c9463a6fd2c', 'cdea7514-0bbe-47bd-b31e-979ae2db7840', '王传君');
INSERT INTO MOVIE_REL_INFO (MOVIE_REL_ID, MOVIE_ID, MOVIE_REL_NAME) VALUES ('ccf447a3-99b6-42e5-9d67-d1b74858adb9', 'cdea7514-0bbe-47bd-b31e-979ae2db7840', '章宇');
INSERT INTO MOVIE_REL_INFO (MOVIE_REL_ID, MOVIE_ID, MOVIE_REL_NAME) VALUES ('bdd54231-aee6-4251-9ce1-21381828e2c8', 'cdea7514-0bbe-47bd-b31e-979ae2db7840', '文牧野');
INSERT INTO MOVIE_REL_INFO (MOVIE_REL_ID, MOVIE_ID, MOVIE_REL_NAME) VALUES ('9cb66fad-a374-4ccc-82f8-0a0c4765fcc4', 'bd34311e-bcde-4bad-b7d0-4b8c19d6344a', '张艺谋');
INSERT INTO MOVIE_REL_INFO (MOVIE_REL_ID, MOVIE_ID, MOVIE_REL_NAME) VALUES ('4dd59797-8c95-4d5c-ac7d-83c018c4cd07', 'bd34311e-bcde-4bad-b7d0-4b8c19d6344a', '葛优');
INSERT INTO MOVIE_REL_INFO (MOVIE_REL_ID, MOVIE_ID, MOVIE_REL_NAME) VALUES ('58a75c8b-eb9b-42ab-aa5b-1cdadf9da17d', 'bd34311e-bcde-4bad-b7d0-4b8c19d6344a', '巩俐');
INSERT INTO MOVIE_REL_INFO (MOVIE_REL_ID, MOVIE_ID, MOVIE_REL_NAME) VALUES ('7a7472b8-cda7-4ddd-90fb-da0faf94c72d', '0cae0916-0c68-4d50-b165-08cbe2cad675', '孔侑');
INSERT INTO MOVIE_REL_INFO (MOVIE_REL_ID, MOVIE_ID, MOVIE_REL_NAME) VALUES ('84e1803d-0c48-40e0-a275-9853cd14c3ca', '22999d08-b102-475c-9e46-7061b5e3b0da', '河正宇');
INSERT INTO MOVIE_REL_INFO (MOVIE_REL_ID, MOVIE_ID, MOVIE_REL_NAME) VALUES ('ea463a1f-2970-4a95-aa63-a763633c2555', 'aca27d78-c281-461e-9c65-f65fcb40a577', '周星驰');
INSERT INTO MOVIE_REL_INFO (MOVIE_REL_ID, MOVIE_ID, MOVIE_REL_NAME) VALUES ('c3942bd2-a39c-40b2-a7cc-49083ab42eda', 'aca27d78-c281-461e-9c65-f65fcb40a577', '吴孟达');
INSERT INTO MOVIE_REL_INFO (MOVIE_REL_ID, MOVIE_ID, MOVIE_REL_NAME) VALUES ('6456dcb6-980e-43bb-bbc2-63c5aa7a80a4', 'aca27d78-c281-461e-9c65-f65fcb40a577', '朱茵');
INSERT INTO MOVIE_REL_INFO (MOVIE_REL_ID, MOVIE_ID, MOVIE_REL_NAME) VALUES ('7490173a-f5b9-4dab-b469-9de5d89c5da3', 'aca27d78-c281-461e-9c65-f65fcb40a577', '刘镇伟');
INSERT INTO MOVIE_REL_INFO (MOVIE_REL_ID, MOVIE_ID, MOVIE_REL_NAME) VALUES ('7e706b71-7351-445a-b8c5-55774a71c4b8', 'aca27d78-c281-461e-9c65-f65fcb40a577', '紫霞仙子');
INSERT INTO MOVIE_REL_INFO (MOVIE_REL_ID, MOVIE_ID, MOVIE_REL_NAME) VALUES ('e21a3fe6-80fa-4db7-91d6-a0bcac9d03b4', 'f9f9147f-98ed-4393-8ce0-1e22c40abd59', '宫崎骏');
INSERT INTO MOVIE_REL_INFO (MOVIE_REL_ID, MOVIE_ID, MOVIE_REL_NAME) VALUES ('75699e77-b972-443d-9b5a-9a7004178bd5', 'e14b78b7-138c-413e-80d5-b22f7fa998bd', '彼得·帕克');
INSERT INTO MOVIE_REL_INFO (MOVIE_REL_ID, MOVIE_ID, MOVIE_REL_NAME) VALUES ('c0dbc658-19cc-45d5-a2c4-9546ca173aa2', 'e14b78b7-138c-413e-80d5-b22f7fa998bd', '钢铁侠');






INSERT INTO MOVIE_TYPE (TYPE_CODE, TYPE_NAME) VALUES ('01', '剧情');
INSERT INTO MOVIE_TYPE (TYPE_CODE, TYPE_NAME) VALUES ('02', '动作');
INSERT INTO MOVIE_TYPE (TYPE_CODE, TYPE_NAME) VALUES ('03', '喜剧');
INSERT INTO MOVIE_TYPE (TYPE_CODE, TYPE_NAME) VALUES ('04', '惊悚');
INSERT INTO MOVIE_TYPE (TYPE_CODE, TYPE_NAME) VALUES ('05', '动画');
INSERT INTO MOVIE_TYPE (TYPE_CODE, TYPE_NAME) VALUES ('06', '悬疑');
INSERT INTO MOVIE_TYPE (TYPE_CODE, TYPE_NAME) VALUES ('07', '科幻');
INSERT INTO MOVIE_TYPE (TYPE_CODE, TYPE_NAME) VALUES ('08', '家庭');
INSERT INTO MOVIE_TYPE (TYPE_CODE, TYPE_NAME) VALUES ('09', '爱情');
INSERT INTO MOVIE_TYPE (TYPE_CODE, TYPE_NAME) VALUES ('10', '情色');
INSERT INTO MOVIE_TYPE (TYPE_CODE, TYPE_NAME) VALUES ('11', '运动');
INSERT INTO MOVIE_TYPE (TYPE_CODE, TYPE_NAME) VALUES ('12', '灾难');

INSERT INTO MOVIE_TYPE_INFO (MOVIE_TYPE_ID, MOVIE_ID, MOVIE_CODE) VALUES ('31ab4316-6166-4591-b733-af4fd4321596', 'c5f043e7-17e1-4519-b152-e5ca4a037b35', '10');
INSERT INTO MOVIE_TYPE_INFO (MOVIE_TYPE_ID, MOVIE_ID, MOVIE_CODE) VALUES ('ba4f0254-2176-488f-a6b1-2d1cc15f226f', 'c5f043e7-17e1-4519-b152-e5ca4a037b35', '09');
INSERT INTO MOVIE_TYPE_INFO (MOVIE_TYPE_ID, MOVIE_ID, MOVIE_CODE) VALUES ('a4cc3659-13bf-41a6-a069-e827cbdca42b', 'c5f043e7-17e1-4519-b152-e5ca4a037b35', '03');
INSERT INTO MOVIE_TYPE_INFO (MOVIE_TYPE_ID, MOVIE_ID, MOVIE_CODE) VALUES ('2700509d-68e5-4af9-9505-3b7d40bde34d', 'c4a99f26-ec8e-4e8a-8871-10407023f0f9', '01');
INSERT INTO MOVIE_TYPE_INFO (MOVIE_TYPE_ID, MOVIE_ID, MOVIE_CODE) VALUES ('55eece29-ca0f-4a14-83ea-bb9504f604f0', 'c4a99f26-ec8e-4e8a-8871-10407023f0f9', '02');
INSERT INTO MOVIE_TYPE_INFO (MOVIE_TYPE_ID, MOVIE_ID, MOVIE_CODE) VALUES ('34176757-f6eb-4670-b848-3ed22d5c0385', 'c4a99f26-ec8e-4e8a-8871-10407023f0f9', '07');
INSERT INTO MOVIE_TYPE_INFO (MOVIE_TYPE_ID, MOVIE_ID, MOVIE_CODE) VALUES ('2640a549-b19d-4fef-b1fb-cd820e662540', '281c43e3-6c33-48fb-a3d4-afeda32afdfe', '07');
INSERT INTO MOVIE_TYPE_INFO (MOVIE_TYPE_ID, MOVIE_ID, MOVIE_CODE) VALUES ('0099804e-9c3a-49fd-9dee-aa8d45126fff', '281c43e3-6c33-48fb-a3d4-afeda32afdfe', '06');
INSERT INTO MOVIE_TYPE_INFO (MOVIE_TYPE_ID, MOVIE_ID, MOVIE_CODE) VALUES ('62e6d128-ea09-4391-85d7-01a32b236b36', '281c43e3-6c33-48fb-a3d4-afeda32afdfe', '01');
INSERT INTO MOVIE_TYPE_INFO (MOVIE_TYPE_ID, MOVIE_ID, MOVIE_CODE) VALUES ('cb549305-ac59-4518-a485-97b1e4785fbe', '0f9a27d1-a7cb-4797-9d35-446ca3686cc4', '07');
INSERT INTO MOVIE_TYPE_INFO (MOVIE_TYPE_ID, MOVIE_ID, MOVIE_CODE) VALUES ('28556061-d2a1-4ac0-8c91-6a859bfd7060', '0f9a27d1-a7cb-4797-9d35-446ca3686cc4', '06');
INSERT INTO MOVIE_TYPE_INFO (MOVIE_TYPE_ID, MOVIE_ID, MOVIE_CODE) VALUES ('c3fec507-1b0d-4bf8-b5ae-ed51f3d4c1c1', '0f9a27d1-a7cb-4797-9d35-446ca3686cc4', '02');
INSERT INTO MOVIE_TYPE_INFO (MOVIE_TYPE_ID, MOVIE_ID, MOVIE_CODE) VALUES ('faeec853-1c4f-49f6-b2d9-044625f31f79', 'ddc948a3-7231-4dda-b7b4-64f50a2f9bd6', '04');
INSERT INTO MOVIE_TYPE_INFO (MOVIE_TYPE_ID, MOVIE_ID, MOVIE_CODE) VALUES ('4aa02186-889c-45e9-88f5-c56374ac797e', 'ddc948a3-7231-4dda-b7b4-64f50a2f9bd6', '09');
INSERT INTO MOVIE_TYPE_INFO (MOVIE_TYPE_ID, MOVIE_ID, MOVIE_CODE) VALUES ('2182363a-b786-4c5e-8c6a-a9af8bbd4cac', 'ddc948a3-7231-4dda-b7b4-64f50a2f9bd6', '01');
INSERT INTO MOVIE_TYPE_INFO (MOVIE_TYPE_ID, MOVIE_ID, MOVIE_CODE) VALUES ('8a1db50e-c556-4bc9-a833-8508a9950a95', 'bc20b836-3adc-4e05-a700-d3a3e7d783b2', '02');
INSERT INTO MOVIE_TYPE_INFO (MOVIE_TYPE_ID, MOVIE_ID, MOVIE_CODE) VALUES ('d1612974-6818-4b09-a9a6-f61daa3e8518', 'bc20b836-3adc-4e05-a700-d3a3e7d783b2', '03');
INSERT INTO MOVIE_TYPE_INFO (MOVIE_TYPE_ID, MOVIE_ID, MOVIE_CODE) VALUES ('ba61392a-3b91-4fad-919c-9bc14ba93fdb', 'bc20b836-3adc-4e05-a700-d3a3e7d783b2', '09');
INSERT INTO MOVIE_TYPE_INFO (MOVIE_TYPE_ID, MOVIE_ID, MOVIE_CODE) VALUES ('99af6210-7f3c-48fd-bc74-3e21343741c1', '8eba60ba-8d2a-425a-9069-29310c986f40', '05');
INSERT INTO MOVIE_TYPE_INFO (MOVIE_TYPE_ID, MOVIE_ID, MOVIE_CODE) VALUES ('8a4a27f5-01b4-40c3-b80f-9d91316a0c15', '8eba60ba-8d2a-425a-9069-29310c986f40', '03');
INSERT INTO MOVIE_TYPE_INFO (MOVIE_TYPE_ID, MOVIE_ID, MOVIE_CODE) VALUES ('7968ba0c-1937-4701-8d6a-7347ff3cb357', '8eba60ba-8d2a-425a-9069-29310c986f40', '08');
INSERT INTO MOVIE_TYPE_INFO (MOVIE_TYPE_ID, MOVIE_ID, MOVIE_CODE) VALUES ('0ca1c7d0-be40-4c46-b962-4f387905119d', '3aef4890-30e4-471d-b90b-c3e8dad7deb5', '01');
INSERT INTO MOVIE_TYPE_INFO (MOVIE_TYPE_ID, MOVIE_ID, MOVIE_CODE) VALUES ('9548fdad-08df-4f83-bfbc-1befe2a51498', 'adba7062-3f3a-4352-81dc-1449e7113ab3', '01');
INSERT INTO MOVIE_TYPE_INFO (MOVIE_TYPE_ID, MOVIE_ID, MOVIE_CODE) VALUES ('f43b56bb-c7b5-44ca-88a9-f5d762496041', 'd09f6708-7be1-4c5c-848d-bc52c7da2fe8', '01');
INSERT INTO MOVIE_TYPE_INFO (MOVIE_TYPE_ID, MOVIE_ID, MOVIE_CODE) VALUES ('6ff15a93-9f7f-4f38-ba26-a66ebe13001e', 'd09f6708-7be1-4c5c-848d-bc52c7da2fe8', '05');
INSERT INTO MOVIE_TYPE_INFO (MOVIE_TYPE_ID, MOVIE_ID, MOVIE_CODE) VALUES ('a1e81d65-933a-41ae-9ede-a8b9d988c64f', 'd09f6708-7be1-4c5c-848d-bc52c7da2fe8', '09');
INSERT INTO MOVIE_TYPE_INFO (MOVIE_TYPE_ID, MOVIE_ID, MOVIE_CODE) VALUES ('76332e62-15c9-4eba-93c8-68ea4a4d43df', '5b89d020-6635-4506-bbed-03c31709fc9d', '02');
INSERT INTO MOVIE_TYPE_INFO (MOVIE_TYPE_ID, MOVIE_ID, MOVIE_CODE) VALUES ('86dd6b2c-ff84-4e3a-9bf9-9ecb6b0096b1', '5b89d020-6635-4506-bbed-03c31709fc9d', '07');
INSERT INTO MOVIE_TYPE_INFO (MOVIE_TYPE_ID, MOVIE_ID, MOVIE_CODE) VALUES ('336da8db-50b2-4e32-87d0-c35dbe97c615', '5b89d020-6635-4506-bbed-03c31709fc9d', '01');
INSERT INTO MOVIE_TYPE_INFO (MOVIE_TYPE_ID, MOVIE_ID, MOVIE_CODE) VALUES ('3bc1a1b7-9965-4a79-83f6-2e4166841fc2', 'cdea7514-0bbe-47bd-b31e-979ae2db7840', '03');
INSERT INTO MOVIE_TYPE_INFO (MOVIE_TYPE_ID, MOVIE_ID, MOVIE_CODE) VALUES ('7764f93f-ea14-4cba-a728-a629b624bd07', 'cdea7514-0bbe-47bd-b31e-979ae2db7840', '01');
INSERT INTO MOVIE_TYPE_INFO (MOVIE_TYPE_ID, MOVIE_ID, MOVIE_CODE) VALUES ('e813cbdf-70e5-4c2f-89ea-32fc924b1cb0', 'bd34311e-bcde-4bad-b7d0-4b8c19d6344a', '01');
INSERT INTO MOVIE_TYPE_INFO (MOVIE_TYPE_ID, MOVIE_ID, MOVIE_CODE) VALUES ('c289bf22-1a83-4c3c-8a24-72d211ea67fa', 'bd34311e-bcde-4bad-b7d0-4b8c19d6344a', '08');
INSERT INTO MOVIE_TYPE_INFO (MOVIE_TYPE_ID, MOVIE_ID, MOVIE_CODE) VALUES ('212f36f3-fcb8-4a36-bc90-37b8fd488725', 'bd34311e-bcde-4bad-b7d0-4b8c19d6344a', '03');
INSERT INTO MOVIE_TYPE_INFO (MOVIE_TYPE_ID, MOVIE_ID, MOVIE_CODE) VALUES ('af2b0747-c0d0-462f-85eb-79456c4b16d7', '0cae0916-0c68-4d50-b165-08cbe2cad675', '01');
INSERT INTO MOVIE_TYPE_INFO (MOVIE_TYPE_ID, MOVIE_ID, MOVIE_CODE) VALUES ('92e32023-523d-42dc-915a-75c7d3865af4', '0cae0916-0c68-4d50-b165-08cbe2cad675', '06');
INSERT INTO MOVIE_TYPE_INFO (MOVIE_TYPE_ID, MOVIE_ID, MOVIE_CODE) VALUES ('7f503f02-500c-4b2a-8e44-9dde719a6f07', '0cae0916-0c68-4d50-b165-08cbe2cad675', '04');
INSERT INTO MOVIE_TYPE_INFO (MOVIE_TYPE_ID, MOVIE_ID, MOVIE_CODE) VALUES ('b1ff718d-fb2c-4387-b61c-e774e42f84ab', '22999d08-b102-475c-9e46-7061b5e3b0da', '01');
INSERT INTO MOVIE_TYPE_INFO (MOVIE_TYPE_ID, MOVIE_ID, MOVIE_CODE) VALUES ('3918e2e5-4798-4ef7-a589-1479acc27883', '22999d08-b102-475c-9e46-7061b5e3b0da', '04');
INSERT INTO MOVIE_TYPE_INFO (MOVIE_TYPE_ID, MOVIE_ID, MOVIE_CODE) VALUES ('2eeac284-2539-4eee-82b0-002bb026a57c', '22999d08-b102-475c-9e46-7061b5e3b0da', '06');
INSERT INTO MOVIE_TYPE_INFO (MOVIE_TYPE_ID, MOVIE_ID, MOVIE_CODE) VALUES ('d644c4b3-8805-4f39-8231-9a92f0af3186', 'aca27d78-c281-461e-9c65-f65fcb40a577', '03');
INSERT INTO MOVIE_TYPE_INFO (MOVIE_TYPE_ID, MOVIE_ID, MOVIE_CODE) VALUES ('d66af054-b977-45cc-92e2-2e76d8d07cfb', 'aca27d78-c281-461e-9c65-f65fcb40a577', '09');
INSERT INTO MOVIE_TYPE_INFO (MOVIE_TYPE_ID, MOVIE_ID, MOVIE_CODE) VALUES ('f401653c-5cf7-4995-8653-a9d632e8a918', 'aca27d78-c281-461e-9c65-f65fcb40a577', '02');
INSERT INTO MOVIE_TYPE_INFO (MOVIE_TYPE_ID, MOVIE_ID, MOVIE_CODE) VALUES ('b1d9fde3-09aa-4bab-b55e-2cfe4a75e817', 'f9f9147f-98ed-4393-8ce0-1e22c40abd59', '02');
INSERT INTO MOVIE_TYPE_INFO (MOVIE_TYPE_ID, MOVIE_ID, MOVIE_CODE) VALUES ('4861dd7d-2e62-4ea2-8e1d-eb2ead9d492f', 'f9f9147f-98ed-4393-8ce0-1e22c40abd59', '05');
INSERT INTO MOVIE_TYPE_INFO (MOVIE_TYPE_ID, MOVIE_ID, MOVIE_CODE) VALUES ('afa54b8c-621c-4b02-94e4-c2b8a6d93003', 'f9f9147f-98ed-4393-8ce0-1e22c40abd59', '12');
INSERT INTO MOVIE_TYPE_INFO (MOVIE_TYPE_ID, MOVIE_ID, MOVIE_CODE) VALUES ('60fee76b-35f0-4eca-b3e0-d91a849d9c94', 'e14b78b7-138c-413e-80d5-b22f7fa998bd', '07');
INSERT INTO MOVIE_TYPE_INFO (MOVIE_TYPE_ID, MOVIE_ID, MOVIE_CODE) VALUES ('c12c2166-c168-401d-98e8-44553f587fef', 'e14b78b7-138c-413e-80d5-b22f7fa998bd', '02');



INSERT INTO MOVIE_USER_INFO (USER_ID, MOVIE_ID, MOVIE_IS_WATCH, MOVIE_WATCH_TIME) VALUES ('zuer', 'c5f043e7-17e1-4519-b152-e5ca4a037b35', 'true', '2019-07-12');
INSERT INTO MOVIE_USER_INFO (USER_ID, MOVIE_ID, MOVIE_IS_WATCH, MOVIE_WATCH_TIME) VALUES ('zuer', 'c4a99f26-ec8e-4e8a-8871-10407023f0f9', 'false', null);
INSERT INTO MOVIE_USER_INFO (USER_ID, MOVIE_ID, MOVIE_IS_WATCH, MOVIE_WATCH_TIME) VALUES ('zuer', '281c43e3-6c33-48fb-a3d4-afeda32afdfe', 'true', '2019-07-03');
INSERT INTO MOVIE_USER_INFO (USER_ID, MOVIE_ID, MOVIE_IS_WATCH, MOVIE_WATCH_TIME) VALUES ('zuer', '0f9a27d1-a7cb-4797-9d35-446ca3686cc4', 'true', '2019-03-13');
INSERT INTO MOVIE_USER_INFO (USER_ID, MOVIE_ID, MOVIE_IS_WATCH, MOVIE_WATCH_TIME) VALUES ('zuer', 'ddc948a3-7231-4dda-b7b4-64f50a2f9bd6', 'true', '2019-02-01');
INSERT INTO MOVIE_USER_INFO (USER_ID, MOVIE_ID, MOVIE_IS_WATCH, MOVIE_WATCH_TIME) VALUES ('zuer', 'bc20b836-3adc-4e05-a700-d3a3e7d783b2', 'true', '2019-07-02');
INSERT INTO MOVIE_USER_INFO (USER_ID, MOVIE_ID, MOVIE_IS_WATCH, MOVIE_WATCH_TIME) VALUES ('zuer', '8eba60ba-8d2a-425a-9069-29310c986f40', 'true', '2019-06-05');
INSERT INTO MOVIE_USER_INFO (USER_ID, MOVIE_ID, MOVIE_IS_WATCH, MOVIE_WATCH_TIME) VALUES ('zuer', '3aef4890-30e4-471d-b90b-c3e8dad7deb5', 'true', '2019-07-14');
INSERT INTO MOVIE_USER_INFO (USER_ID, MOVIE_ID, MOVIE_IS_WATCH, MOVIE_WATCH_TIME) VALUES ('zuer', 'adba7062-3f3a-4352-81dc-1449e7113ab3', 'true', '2019-06-05');
INSERT INTO MOVIE_USER_INFO (USER_ID, MOVIE_ID, MOVIE_IS_WATCH, MOVIE_WATCH_TIME) VALUES ('zuer', 'd09f6708-7be1-4c5c-848d-bc52c7da2fe8', 'false', null);
INSERT INTO MOVIE_USER_INFO (USER_ID, MOVIE_ID, MOVIE_IS_WATCH, MOVIE_WATCH_TIME) VALUES ('zuer', '5b89d020-6635-4506-bbed-03c31709fc9d', 'true', '2019-05-07');
INSERT INTO MOVIE_USER_INFO (USER_ID, MOVIE_ID, MOVIE_IS_WATCH, MOVIE_WATCH_TIME) VALUES ('zuer', 'cdea7514-0bbe-47bd-b31e-979ae2db7840', 'true', '2019-04-02');
INSERT INTO MOVIE_USER_INFO (USER_ID, MOVIE_ID, MOVIE_IS_WATCH, MOVIE_WATCH_TIME) VALUES ('zuer', 'bd34311e-bcde-4bad-b7d0-4b8c19d6344a', 'true', '2017-03-07');
INSERT INTO MOVIE_USER_INFO (USER_ID, MOVIE_ID, MOVIE_IS_WATCH, MOVIE_WATCH_TIME) VALUES ('zuer', '0cae0916-0c68-4d50-b165-08cbe2cad675', 'true', '2019-07-02');
INSERT INTO MOVIE_USER_INFO (USER_ID, MOVIE_ID, MOVIE_IS_WATCH, MOVIE_WATCH_TIME) VALUES ('zuer', '22999d08-b102-475c-9e46-7061b5e3b0da', 'true', '2019-06-12');
INSERT INTO MOVIE_USER_INFO (USER_ID, MOVIE_ID, MOVIE_IS_WATCH, MOVIE_WATCH_TIME) VALUES ('zuer', 'aca27d78-c281-461e-9c65-f65fcb40a577', 'true', '2019-07-13');
INSERT INTO MOVIE_USER_INFO (USER_ID, MOVIE_ID, MOVIE_IS_WATCH, MOVIE_WATCH_TIME) VALUES ('zuer', 'f9f9147f-98ed-4393-8ce0-1e22c40abd59', 'true', '2019-05-30');
INSERT INTO MOVIE_USER_INFO (USER_ID, MOVIE_ID, MOVIE_IS_WATCH, MOVIE_WATCH_TIME) VALUES ('zuer', 'e14b78b7-138c-413e-80d5-b22f7fa998bd', 'false', null);




commit;









